<?xml version="1.0"?>
<Config>
	<General>
		<LastSavedPath Value="C:\temp\"/>
		<SocketPort Value="8090"/>
		<ShowSocketWarning Value="false"/>
		<LastStyleSheet Value=""/>
		<HTTPPort Value="85"/>
		<SocketPort2 Value="4502"/>
		<SocketPolicyServer Value="true"/>
		<HttpPolicyServer Value="true"/>
		<Udp1 Value="false"/>
		<Udp2 Value="false"/>
		<InternalLog Value="c:\temp\TracetoolInternalLog.txt"/>
	</General>
	<AppDisplay>
		<SmallBut Value="true"/>
		<ApplicationTitle Value="socket: 8090 / 4502,  Http : 85, WebSocket:8091"/>
		<Left Value="35"/>
		<Top Value="49"/>
		<Width Value="1064"/>
		<Height Value="730"/>
		<StayOnTop Value="false"/>
		<ShowOnstartup Value="true"/>
		<ShowOnMessageReceived Value="false"/>
		<FocusToReceivedMessage Value="false"/>
		<Maximized Value="false"/>
		<IconFile Value=""/>
		<MinimizeToSystray Value="true"/>
		<SearchUnderline Value="True"/>
		<ToolbarStandard Value="true"/>
		<ToolbarSearch Value="true"/>
		<ToolbarBookmark Value="true"/>
		<ToolbarFilter Value="true"/>
		<HideViewer Value="false"/>
		<DisableInternalLog Value="true"/>
	</AppDisplay>
	<Framework>
		<ShowMembers Value="true"/>
		<AutoClear Value="false"/>
		<MaxNode Value="20"/>
		<MinNode Value="10"/>
		<Enabled Value="true"/>
		<VisibleMenu Value="true"/>
		<MainTraceTitle Value="traces"/>
		<Trace>
			<FontName Value="MS Sans Serif"/>
			<FontSize Value="8"/>
			<NodeHeight Value="15"/>
		</Trace>
		<Info>
			<FontName Value="MS Sans Serif"/>
			<FontSize Value="8"/>
			<NodeHeight Value="15"/>
		</Info>
		<Orphans>
			<DeletedNode Value="CreateUnderLostAndFound"/>
			<DefaultLeftText Value="Restored"/>
			<DefaultRightText Value=""/>
			<LostAndFoundLeftText Value="Lost and found"/>
			<LostAndFoundRightText Value=""/>
		</Orphans>
	</Framework>
	<Ods>
		<Enabled Value="true"/>
		<AutoClear Value="true"/>
		<MaxNode Value="2000"/>
		<MinNode Value="1000"/>
		<VisibleMenu Value="true"/>
		<Title Value="ODS"/>
		<Trace>
			<FontName Value="MS Sans Serif"/>
			<FontSize Value="8"/>
			<NodeHeight Value="15"/>
		</Trace>
		<Info>
			<FontName Value="MS Sans Serif"/>
			<FontSize Value="10"/>
		</Info>
	</Ods>
	<EventLog>
		<VisibleMenu Value="true"/>
		<Trace>
			<FontName Value="MS Sans Serif"/>
			<FontSize Value="8"/>
			<NodeHeight Value="15"/>
		</Trace>
		<Info>
			<FontName Value="Times New Roman"/>
			<FontSize Value="8"/>
		</Info>
	</EventLog>
	<Tail>
		<LastPath Value=""/>
		<AutoClear Value="false"/>
		<MaxNode Value="25000"/>
		<MinNode Value="20000"/>
		<SizeToLoad Value="800"/>
		<ColumnStyle Value="Lines"/>
		<AutoCreateColStyle Value="Each"/>
		<TextQualifier Value="None"/>
		<Separator Value="9"/>
		<FirstcolIsTitle Value="false"/>
		<FixedColCount Value="1"/>
		<OpenFromFavorites Value="true"/>
		<VisibleMenu Value="true"/>
		<Favorites>
			<FileName>C:\temp\log.txt</FileName></Favorites>
		<Trace>
			<FontName Value="MS Sans Serif"/>
			<FontSize Value="8"/>
			<NodeHeight Value="15"/>
		</Trace>
		<Info>
			<FontName Value="MS Sans Serif"/>
			<FontSize Value="8"/>
		</Info>
	</Tail>
	<TextExport>
		<ProcessName Value="false"/>
		<ThreadId Value="true"/>
		<Time Value="true"/>
		<Col1 Value="true"/>
		<Col2 Value="true"/>
		<Separator Value="	"/>
		<GenerateColumnHeader Value="false"/>
		<TextQualifier Value="None"/>
		<TreeIndentation Value="3"/>
	</TextExport>
	<Plugins>
		<Plugin><Kind>DotNet</Kind><Enabled Value="true"/><FileName>WebSock\WebsockPlugin.dll</FileName><Param>WebSocketHost = 0.0.0.0, WebSocketPort = 8091, ViewerSocketHost = 127.0.0.1, ViewerSocketPort = 8090</Param></Plugin></Plugins>
	<Watches>
		<Enabled Value="false"/>
		<VisibleMenu Value="true"/>
		<MainWatchesTitle Value="Watches"/>
		<Trace>
			<FontName Value="MS Sans Serif"/>
			<FontSize Value="8"/>
			<NodeHeight Value="18"/>
		</Trace>
		<Info>
			<FontName Value="Tahoma"/>
			<FontSize Value="8"/>
		</Info>
	</Watches>
</Config>
